"CAD CDW ID","CAD_CDW_ID"
"CAD Event Number","CAD_EN"
"General Offense Number","GON"
"Event Clearance Code","ECC"
"Event Clearance Description","ECD"
"Event Clearance SubGroup","ECSG"
"Event Clearance Group","ECG"
"Event Clearance Date","ECDt"
"Hundred Block Location","HBL"
"District/Sector","Dist_Sec"
"Zone/Beat","Zone_Beat"
"Census Tract","Census_Tract"
"Longitude","Longitude"
"Latitude","Latitude"
"Incident Location","ILoc"
"Initial Type Description","ITDesc"
"Initial Type Subgroup","ITSG"
"Initial Type Group","ITG"
"At Scene Time","ASTm"
